UID,LOGO
52184952905,https://cdn.discordapp.com/avatars/1262113682117103739/f4ec36e02ce9f22fa5f26d8b7fb671b9.png?size=4096&ignore=true
5595765582,https://cdn.discordapp.com/avatars/537373628577349637/3deb1b9041c14cff7a0f2133e9f77d12.png?size=4096&ignore=true
5216749258,https://cdn.discordapp.com/avatars/1001899725580140634/65a11ffb7178420086d478d06211a542.png?size=4096&ignore=true
546362992,https://cdn.discordapp.com/avatars/752709852090073100/0fab69b69285641255c78da820ec1487.png?size=4096&ignore=true
51849036118,https://cdn.discordapp.com/avatars/1375885291994222723/bc97bc7f6990131015a45ffe876ed7c0.png?size=4096&ignore=true
51830351242,https://cdn.discordapp.com/avatars/689618126299463778/1eb9af1e124f9526b255d68bf73af0fb.png?size=4096&ignore=true
535328945,https://cdn.discordapp.com/avatars/959160433019854898/b706a4cd68759a7478f8d16302ee416d.png?size=4096&ignore=true
5216037752,https://cdn.discordapp.com/avatars/736167914549411881/70465d583a8bd03a30e6b78ec680e56d.png?size=4096&ignore=true
555760861,https://cdn.discordapp.com/avatars/519700808900673557/e077e879686321f051afd46c2f8757ac.png?size=4096&ignore=true
573650207,https://cdn.discordapp.com/avatars/813459495828717570/0cbb9dc0ed09a9507ea75499416a737c.png?size=4096&ignore=true
51272397811,https://cdn.discordapp.com/avatars/1399908428146544641/3262ae7a23e383dcb663e302c254b31d.png?size=4096&ignore=true
5855718482,https://cdn.discordapp.com/avatars/615261605181128821/3cc7c22bfd61c67ff37c62280f73686b.png?size=4096&ignore=true
51485826369,https://cdn.discordapp.com/embed/avatars/0.png
578721858,https://cdn.discordapp.com/embed/avatars/3.png
51958812313,https://cdn.discordapp.com/avatars/601057433170739211/8f3144e8867604c4dcc949da42ff574c.png?size=4096&ignore=true
5162712510,https://cdn.discordapp.com/avatars/1176940753839206463/b682010ae858f1652359ed649f0f772e.png?size=4096&ignore=true
5350929737,https://cdn.discordapp.com/avatars/762442762427432992/331ca96b2488b4f2769208288082323e.png?size=4096&ignore=true
5151845920,https://cdn.discordapp.com/avatars/403309241886310401/518d202ebac27cc0f633f9ecc725507d.png?size=4096&ignore=true
587351949,https://i.imgur.com/zztjYzN.png
5732128519,https://cdn.discordapp.com/avatars/630171330406383616/06a19cc436ff5e8ffac05d7295f87122.png?size=4096&ignore=true
5290559164,https://cdn.discordapp.com/avatars/567443041250705420/067e98f14b9602bb8c99ceeec98be8ef.png?size=4096&ignore=true
51792225482,https://cdn.discordapp.com/avatars/1040646029365747712/87139082c6b598b9a65f9c259bf073e4.png?size=4096&ignore=true
5945755148,https://cdn.discordapp.com/avatars/1037479249097011200/58ce7982274918185418461f972c2b1f.png?size=4096&ignore=true
5111270804,https://cdn.discordapp.com/avatars/752653782990454875/df84bfe0b0c75d2d8f4e76df428816b5.png?size=4096&ignore=true
576985008,https://cdn.discordapp.com/avatars/797329671825129522/692ae524d174710070713b42ae84e4e0.png?size=4096&ignore=true
552226580,https://cdn.discordapp.com/embed/avatars/4.png
5131370699,https://i.imgur.com/zztjYzN.png
5716390264,https://cdn.discordapp.com/avatars/732268970908057671/79dd238369aae3e216db2289307bdad8.png?size=4096&ignore=true
51726369297,https://cdn.discordapp.com/avatars/1397878692675452959/a829a9655c4c7fb00223cee768920c69.png?size=4096&ignore=true
52152289436,https://cdn.discordapp.com/avatars/704132319564398654/dadd382764088b3ce3607b051a1b60be.png?size=4096&ignore=true
52189333869,https://cdn.discordapp.com/avatars/660533626638827531/a0e69cb81eb1cb956648a5aa7f5be883.png?size=4096&ignore=true
51644892258,https://cdn.discordapp.com/avatars/1364365692261896233/b6915a5e0991bc0e51a0f3b579bc9f61.png?size=4096&ignore=true
51854346345,https://cdn.discordapp.com/avatars/1403407079066304642/6c5996770c985bcd6e5b68131ff2ba04.png?size=4096&ignore=true
52079832878,https://cdn.discordapp.com/avatars/885690611238309919/2e2524da294ca537efbb535b7b5a7c9f.png?size=4096&ignore=true
52181442907,https://cdn.discordapp.com/avatars/1390023625024868422/c82b3fa769ed6e6ffdea579381ed5f5c.png?size=4096&ignore=true
52174412835,https://cdn.discordapp.com/avatars/1274458579746685050/7cc255f5cd3c2ec8bd3509feb421b0be.png?size=4096&ignore=true
52051161635,https://cdn.discordapp.com/avatars/1395540365280415958/c82b3fa769ed6e6ffdea579381ed5f5c.png?size=4096&ignore=true
5321832250,https://cdn.discordapp.com/embed/avatars/0.png
5140460122,https://cdn.discordapp.com/avatars/642800131086745630/54c1f1246d315dbb414831ae6028102a.png?size=4096&ignore=true
5218238268,https://cdn.discordapp.com/avatars/751279245921222779/15f33701f3a918126ecb286ee16d85e3.png?size=4096&ignore=true
5535097802,https://cdn.discordapp.com/embed/avatars/4.png
5903187007,https://cdn.discordapp.com/avatars/633719335763836928/376654f419aad75386cd10c68a222d4f.png?size=4096&ignore=true
551989148,https://cdn.discordapp.com/avatars/1281655476416675933/ca937e9f56714b35e9b2c25d53bdef41.png?size=4096&ignore=true
52131145509,https://cdn.discordapp.com/embed/avatars/3.png
580808911,https://cdn.discordapp.com/avatars/752248956989472879/6c5a53e3c9fa97de4ec64470b5240c67.png?size=4096&ignore=true
51671781013,https://cdn.discordapp.com/avatars/1111139547590438942/377dcc4b4d9e98edbb8ad96507a5e08f.png?size=4096&ignore=true
51477387187,https://cdn.discordapp.com/avatars/712406056424308787/6304187a4438f34e7226769535febd07.png?size=4096&ignore=true
5133415638,https://cdn.discordapp.com/avatars/897908780468146186/58c0b85c5478a3720a8371f0ce65d312.png?size=4096&ignore=true
5241676437,https://cdn.discordapp.com/embed/avatars/2.png
5680433092,https://cdn.discordapp.com/embed/avatars/5.png
516020340,https://cdn.discordapp.com/avatars/336277455302295553/f362814d4328acc516cf24dfecdafbf2.png?size=4096&ignore=true
5779671525,https://cdn.discordapp.com/avatars/1254687381718564876/00f71b8b5092e684abbdd5b246926da0.png?size=4096&ignore=true
5223758938,https://cdn.discordapp.com/avatars/762863904094814209/4b76cf2da01b6ba94676e7e483437b34.png?size=4096&ignore=true
5757953487,https://cdn.discordapp.com/avatars/720815429681152102/aee0a520e8cd5b45838bd17d78401ba0.png?size=4096&ignore=true
51867149474,https://cdn.discordapp.com/avatars/973703026718146571/773afb5b5cfe5dcac6391b01115092e2.png?size=4096&ignore=true
5336419911,https://cdn.discordapp.com/avatars/753802821660442634/2923471e015f1a81b493e17a20b9dc9d.png?size=4096&ignore=true
5114882255,https://cdn.discordapp.com/avatars/1246509565365719062/e29bee1324b5259112646fa6397e172c.png?size=4096&ignore=true
5382735629,https://cdn.discordapp.com/embed/avatars/2.png
5195769920,https://cdn.discordapp.com/avatars/1019423013801832528/db338f021dcf505464eff870c8499b50.png?size=4096&ignore=true
51813354732,https://cdn.discordapp.com/avatars/1132823607152750733/5445ffd7ffb201a98393cbdf684ea4b1.png?size=4096&ignore=true
5845452191,https://cdn.discordapp.com/avatars/751438717532635147/741e18316a9f355d88cb4eed54f43801.png?size=4096&ignore=true
5222259228,https://cdn.discordapp.com/avatars/751438717532635147/741e18316a9f355d88cb4eed54f43801.png?size=4096&ignore=true
5760505422,https://cdn.discordapp.com/avatars/1231037624274259999/9613254f129b7583a4b8bc9ce3fdd89f.png?size=4096&ignore=true
5531380636,https://cdn.discordapp.com/avatars/1331614800911925278/5445ffd7ffb201a98393cbdf684ea4b1.png?size=4096&ignore=true
51532297815,https://cdn.discordapp.com/avatars/762783768095883285/b0eac45168c8b3251bf064db310c0316.png?size=4096&ignore=true
5539851147,https://cdn.discordapp.com/avatars/1377545423698264147/bfad0e2aa18c80105d8aa08a3de4f4db.png?size=4096&ignore=true
5139793161,https://cdn.discordapp.com/avatars/721860729921339462/62052153d6a7689506ef4c657a57ce73.png?size=4096&ignore=true
5952848015,https://cdn.discordapp.com/avatars/751636781346324620/d5e4f09bd10af55216ade2ef933eb24c.png?size=4096&ignore=true
52191324900,https://cdn.discordapp.com/avatars/1368979792124444855/1db9e5b5b2cd384a600ac7f1561a4947.png?size=4096&ignore=true
5333841187,https://cdn.discordapp.com/avatars/1195600627439505484/406d6d6c2963aa1dba454307c0926a31.png?size=4096&ignore=true
51864176593,https://cdn.discordapp.com/avatars/1236398200332746822/f26bec6b3cff9a55cd43e6d465380202.png?size=4096&ignore=true
51867238555,https://cdn.discordapp.com/embed/avatars/3.png
51377178603,https://cdn.discordapp.com/avatars/426460157090725888/1dbe60b38ea4c720c3af83ca57d65cd8.png?size=4096&ignore=true
510557795,https://cdn.discordapp.com/avatars/446715292060745748/a6af981e0189945e0cb0a1122e65ee75.png?size=4096&ignore=true
5445813853,https://cdn.discordapp.com/avatars/1398399908620271689/c82b3fa769ed6e6ffdea579381ed5f5c.png?size=4096&ignore=true
567308482,https://cdn.discordapp.com/avatars/1392400083227770880/14ddb10aaef54294012394fcc167f208.png?size=4096&ignore=true
519183492,https://cdn.discordapp.com/avatars/525561478523256842/4797e786b3c2fccad0bc6125b80bcb81.png?size=4096&ignore=true
5634090981,https://cdn.discordapp.com/avatars/733515335994703902/85fc43a9dcddaebf582cdf2d98a4e2d8.png?size=4096&ignore=true
5185977787,https://cdn.discordapp.com/avatars/1391802338536325232/d0b360ab6bb3b3071c603f3304988558.png?size=4096&ignore=true
51308238408,https://cdn.discordapp.com/avatars/1374141551659450371/f118b4c45b091ab3e20fbb25405699ba.png?size=4096&ignore=true
51699383665,https://cdn.discordapp.com/avatars/955534541060177920/825bfc26be2d64c8973283a531617393.png?size=4096&ignore=true
